segment_name,has_credit_card,has_loan,has_investments
Affluent & Investment Ready,0.019583843329253336,0.49326805385556916,0.4724602203182374
Credit Active Middle Segment,0.34782608695652173,0.20757363253856942,0.49649368863955123
Mass Retail / Low Engagement,0.6496598639455782,0.6693877551020408,0.6952380952380952
